Dim,acc@CMU PIE,acc@Selfie,acc@Total
40,0.44,1.0,0.4413145539906103
80,0.47137254901960784,1.0,0.4726134585289515
200,0.483921568627451,1.0,0.48513302034428796
