Dim,acc@CMU PIE,acc@Selfie,acc@Total
2,0.12,1.0,0.12206572769953052
3,0.19372549019607843,1.0,0.19561815336463223
9,0.34980392156862744,1.0,0.3513302034428795
