Dim,acc@CMU PIE,acc@Selfie,acc@Total
2,0.10823529411764705,1.0,0.11032863849765258
3,0.31058823529411766,1.0,0.31220657276995306
9,0.6321568627450981,1.0,0.63302034428795
